rank,decision,a_id,b_id,a_members,b_members,team,score,gap,end_dist_m,pred_dist_m,req_speed_mps,turn_cost,a_last,b_first,panel,note
1,yes,17,114,17,114,黒,3.626,48,2.243,0.719,1.122,1.121,5958,6006,panels/cand_0001_u17_u114.png,"vlm:google/gemini-2.5-flash confidence=0.9 The player's position and surrounding players are consistent across the gap. The required speed is low, and the predicted distance is close to the end distance."
2,no,59,99,59,99,緑,7.334,66,7.580,1.463,2.756,3.214,5820,5886,panels/cand_0002_u59_u99.png,"vlm:google/gemini-2.5-flash confidence=0.9 Player A is wearing a black shirt and black pants, while player B is wearing a green shirt and black pants. The team color is green, which matches player B. The predicted distance is small, but the visual evidence of different attire is strong."
3,no,59,94,59,94,緑,8.384,42,7.710,3.376,4.406,3.495,5820,5862,panels/cand_0003_u59_u94.png,vlm:google/gemini-2.5-flash confidence=0.8 Player A is wearing a black shirt and black pants. Player B is wearing a green shirt and black pants. They are clearly different players.
4,no,59,98,59,98,緑,8.544,66,6.716,2.631,2.442,5.122,5820,5886,panels/cand_0004_u59_u98.png,"vlm:google/gemini-2.5-flash confidence=0.9 Player A (top row) is wearing a black shirt and black pants. Player B (bottom row) is wearing a green shirt and black pants. The clothing is different, indicating they are not the same player."
5,no,87,107,87,107,黒,9.339,12,2.622,6.485,5.244,8.094,5928,5940,panels/cand_0005_u87_u107.png,"vlm:google/gemini-2.5-flash confidence=0.9 Player A is wearing a black shirt and green shorts, while player B is wearing a black shirt and black shorts. The players are clearly different based on their attire."
6,no,17,110,17,110,黒,9.863,24,6.224,6.425,6.224,1.665,5958,5982,panels/cand_0006_u17_u110.png,vlm:google/gemini-2.5-flash confidence=0.8 Player A is wearing a black shirt and black shorts. Player B is wearing a green shirt and black shorts. They are clearly different players.
7,no,93,106,93,106,黒,10.425,12,2.347,7.147,4.694,10.979,5898,5910,panels/cand_0007_u93_u106.png,"vlm:google/gemini-2.5-flash confidence=0.9 Player A (black jersey, white undershirt) is clearly visible in the top row. Player B (black jersey, white undershirt) in the bottom row is a different player. The predicted distance and required speed are too high for the short gap, indicating a different player."
8,no,116,119,116,119,緑,10.704,12,1.521,7.928,3.042,9.799,6150,6162,panels/cand_0008_u116_u119.png,"vlm:google/gemini-2.5-flash confidence=0.9 Player A (green jersey) is moving towards the right side of the frame, while player B (black jersey) appears from the left side of the frame. The required speed of 3.042 m/s is high for a 12-frame gap, and the visual evidence shows different players based on jersey color and movement direction."
9,yes,86,114,86,114,黒,11.971,24,6.356,7.965,6.356,4.563,5982,6006,panels/cand_0009_u86_u114.png,"vlm:google/gemini-2.5-flash confidence=0.9 The player's appearance (black shirt, light pants) and position relative to other players are consistent across the gap. The required speed is high but plausible for a short burst."
10,no,0,90,0,90,緑,14.106,6,1.510,7.926,6.038,30.062,5796,5802,panels/cand_0010_u0_u90.png,vlm:google/gemini-2.5-flash confidence=0.9 Player A is wearing a black shirt and black pants. Player B is wearing a green shirt and black pants. They are clearly different players.
11,no,30,43,30,43,黒,14.941,24,6.170,9.844,6.170,10.987,1980,2004,panels/cand_0011_u30_u43.png,"vlm:google/gemini-2.5-flash confidence=0.8 Player A is wearing a green shirt, while player B is wearing a black shirt. The team color is black, but player A is clearly green. The required speed is also very high (6.2 m/s)."
12,no,124,127,124,127,黒,16.171,18,5.731,6.381,7.641,39.242,6750,6768,panels/cand_0012_u124_u127.png,"vlm:google/gemini-2.5-flash confidence=0.9 Player A (black jersey) is moving towards the right, while player B (green jersey) is moving towards the left. They are clearly different players based on their jerseys and movement."
